,Date,Confirmed cases,Recovered Cases,Death Cases
0,1/22/20,0,0,0
1,1/23/20,0,0,0
2,1/24/20,0,0,0
3,1/25/20,0,0,0
4,1/26/20,0,0,0
5,1/27/20,0,0,0
6,1/28/20,0,0,0
7,1/29/20,0,0,0
8,1/30/20,0,0,0
9,1/31/20,0,0,0
10,2/1/20,0,0,0
11,2/2/20,0,0,0
12,2/3/20,0,0,0
13,2/4/20,0,0,0
14,2/5/20,0,0,0
15,2/6/20,0,0,0
16,2/7/20,0,0,0
17,2/8/20,0,0,0
18,2/9/20,0,0,0
19,2/10/20,0,0,0
20,2/11/20,0,0,0
21,2/12/20,0,0,0
22,2/13/20,0,0,0
23,2/14/20,0,0,0
24,2/15/20,0,0,0
25,2/16/20,0,0,0
26,2/17/20,0,0,0
27,2/18/20,0,0,0
28,2/19/20,0,0,0
29,2/20/20,0,0,0
30,2/21/20,0,0,0
31,2/22/20,0,0,0
32,2/23/20,0,0,0
33,2/24/20,0,0,0
34,2/25/20,0,0,0
35,2/26/20,0,0,0
36,2/27/20,0,0,0
37,2/28/20,1,0,0
38,2/29/20,1,0,0
39,3/1/20,1,0,0
40,3/2/20,1,0,0
41,3/3/20,1,0,0
42,3/4/20,1,0,0
43,3/5/20,1,0,0
44,3/6/20,1,0,0
45,3/7/20,1,0,0
46,3/8/20,1,0,0
47,3/9/20,2,0,0
48,3/10/20,2,0,0
49,3/11/20,2,0,0
50,3/12/20,2,0,0
51,3/13/20,2,0,0
52,3/14/20,2,0,0
53,3/15/20,2,0,0
54,3/16/20,2,0,0
55,3/17/20,3,0,0
56,3/18/20,8,1,0
57,3/19/20,8,1,0
58,3/20/20,12,1,0
59,3/21/20,22,1,0
60,3/22/20,30,2,0
61,3/23/20,40,2,1
62,3/24/20,44,2,1
63,3/25/20,51,2,1
64,3/26/20,65,2,1
65,3/27/20,70,3,1
66,3/28/20,89,3,1
67,3/29/20,111,3,1
68,3/30/20,131,8,2
69,3/31/20,135,8,2
70,4/1/20,174,9,2
71,4/2/20,184,20,2
72,4/3/20,210,25,4
73,4/4/20,214,25,4
74,4/5/20,232,33,5
75,4/6/20,238,35,5
76,4/7/20,254,44,6
77,4/8/20,276,44,6
78,4/9/20,288,51,7
79,4/10/20,305,58,7
80,4/11/20,318,70,10
81,4/12/20,323,85,10
82,4/13/20,343,91,10
83,4/14/20,373,99,11
84,4/15/20,407,128,12
85,4/16/20,442,152,13
86,4/17/20,493,159,17
87,4/18/20,542,166,19
88,4/19/20,627,170,21
89,4/20/20,665,188,22
90,4/21/20,665,188,22
91,4/22/20,873,197,28
92,4/23/20,981,197,31
93,4/24/20,1095,208,32
94,4/25/20,1182,222,35
95,4/26/20,1273,239,40
96,4/27/20,1337,255,40
97,4/28/20,1532,255,44
98,4/29/20,1728,307,51
99,4/30/20,1932,319,58
100,5/1/20,2170,351,68
101,5/2/20,2388,351,85
102,5/3/20,2558,400,87
103,5/4/20,2802,417,93
104,5/5/20,2950,481,98
105,5/6/20,3145,534,103
106,5/7/20,3526,601,107
107,5/8/20,3912,679,117
108,5/9/20,4151,745,128
109,5/10/20,4399,778,143
110,5/11/20,4641,902,150
111,5/12/20,4787,959,158
112,5/13/20,4971,1070,164
113,5/14/20,5162,1180,167
114,5/15/20,5450,1320,171
115,5/16/20,5621,1472,176
116,5/17/20,5959,1594,182
117,5/18/20,6175,1644,191
118,5/19/20,6401,1734,192
119,5/20/20,6677,1840,200
120,5/21/20,7016,1907,211
121,5/22/20,7261,2007,221
122,5/23/20,7526,2174,221
123,5/24/20,7839,2263,226
124,5/25/20,8068,2311,233
125,5/26/20,8344,2385,249
126,5/27/20,8733,2501,254
127,5/28/20,8915,2592,259
128,5/29/20,9302,2697,261
129,5/30/20,9855,2856,273
130,5/31/20,10162,3007,287
131,6/1/20,10578,3122,299
132,6/2/20,10819,3240,314
133,6/3/20,11166,3329,315
134,6/4/20,11516,3535,323
135,6/5/20,11844,3696,333
136,6/6/20,12233,3826,342
137,6/7/20,12486,3959,354
138,6/8/20,12801,4040,361
139,6/9/20,13464,4206,365
140,6/10/20,13873,4351,382
141,6/11/20,14554,4494,387
142,6/12/20,15181,4891,399
143,6/13/20,15682,5101,407
144,6/14/20,16085,5220,420
145,6/15/20,16658,5349,424
146,6/16/20,17148,5623,455
147,6/17/20,17735,5967,469
148,6/18/20,18480,6307,475
149,6/19/20,19147,6581,487
150,6/20/20,19808,6718,506
151,6/21/20,20244,6879,518
152,6/22/20,20919,7109,525
153,6/23/20,21371,7338,533
154,6/24/20,22020,7613,542
155,6/25/20,22614,7822,549
156,6/26/20,23298,8253,554
157,6/27/20,24077,8625,558
158,6/28/20,24567,9007,565
159,6/29/20,25133,9402,573
160,6/30/20,25694,9746,590
161,7/1/20,26484,10152,603
162,7/2/20,27110,10801,616
163,7/3/20,27564,11069,628
164,7/4/20,28167,11462,634
165,7/5/20,28711,11665,645
166,7/6/20,29286,11828,654
167,7/7/20,29789,12108,669
168,7/8/20,30249,12373,684
169,7/9/20,30748,12546,689
170,7/10/20,31323,12795,709
171,7/11/20,31987,13103,724
172,7/12/20,32558,13447,740
173,7/13/20,33153,13671,744
174,7/14/20,33616,13792,754
175,7/15/20,34259,13999,760
176,7/16/20,34854,14292,769
177,7/17/20,35454,14633,772
178,7/18/20,36107,14938,778
179,7/19/20,36663,15105,789
180,7/20/20,37225,15333,801
181,7/21/20,37801,15677,805
182,7/22/20,38344,15815,813
183,7/23/20,38948,16061,833
184,7/24/20,39539,16559,845
185,7/25/20,39977,16948,856
186,7/26/20,40532,17374,858
187,7/27/20,41180,18203,860
188,7/28/20,41804,18764,868
189,7/29/20,42208,19004,873
190,7/30/20,42689,19270,878
191,7/31/20,43151,19565,879
192,8/1/20,43537,20087,883
193,8/2/20,43841,20308,888
194,8/3/20,44129,20663,896
195,8/4/20,44433,31851,910
196,8/5/20,44890,32165,927
197,8/6/20,45244,32430,930
198,8/7/20,45687,32637,936
199,8/8/20,46140,33044,942
200,8/9/20,46577,33186,945
201,8/10/20,46867,33346,950
202,8/11/20,47290,33609,956
203,8/12/20,47743,33943,956
204,8/13/20,48116,34309,966
205,8/14/20,48445,35998,973
206,8/15/20,48770,36290,974
207,8/16/20,49068,36497,975
208,8/17/20,49485,36834,977
209,8/18/20,49895,37051,981
210,8/19/20,50488,37304,985
211,8/20/20,50964,37569,992
212,8/21/20,51304,37885,996
213,8/22/20,51905,38767,997
214,8/23/20,52227,38945,1002
215,8/24/20,52548,39257,1004
216,8/25/20,52800,39964,1007
217,8/26/20,53021,40281,1010
218,8/27/20,53317,40726,1011
219,8/28/20,53477,41017,1011
220,8/29/20,53727,41314,1011
221,8/30/20,53865,41513,1013
222,8/31/20,54008,41638,1013
223,9/1/20,54247,42010,1023
224,9/2/20,54463,42439,1027
225,9/3/20,54588,42627,1048
226,9/4/20,54743,42816,1051
227,9/5/20,54905,42922,1054
228,9/6/20,55005,43013,1057
229,9/7/20,55160,43231,1061
230,9/8/20,55456,43334,1067
231,9/9/20,55632,43610,1070
232,9/10/20,55829,43810,1075
233,9/11/20,56017,43998,1076
234,9/12/20,56177,44088,1078
235,9/13/20,56256,44152,1082
236,9/14/20,56388,44337,1083
237,9/15/20,56478,44430,1088
238,9/16/20,56604,47872,1091
239,9/17/20,56735,48092,1093
240,9/18/20,56956,48305,1094
241,9/19/20,57145,48431,1095
242,9/20/20,57242,48569,1098
243,9/21/20,57437,48674,1100
244,9/22/20,57613,48836,1100
245,9/23/20,57724,48985,1102
246,9/24/20,57849,49098,1102
247,9/25/20,58062,49606,1103
248,9/26/20,58198,49722,1106
249,9/27/20,58324,49794,1108
250,9/28/20,58460,49895,1111
251,9/29/20,58647,49937,1111
252,9/30/20,58848,50358,1112
253,10/1/20,59001,50452,1112
254,10/2/20,59127,50593,1112
255,10/3/20,59287,50718,1113
256,10/4/20,59345,50768,1113
257,10/5/20,59465,50951,1113
258,10/6/20,59583,51308,1113
259,10/7/20,59738,51403,1113
260,10/8/20,59841,51551,1113
261,10/9/20,59992,51614,1113
262,10/10/20,60103,51711,1115
263,10/11/20,60266,51735,1115
264,10/12/20,60430,51943,1115
265,10/13/20,60655,52006,1116
266,10/14/20,60834,52143,1116
267,10/15/20,60982,52194,1116
268,10/16/20,61194,52304,1119
269,10/17/20,61307,56557,1123
270,10/18/20,61440,56611,1125
271,10/19/20,61558,56697,1125
272,10/20/20,61630,56797,1125
273,10/21/20,61667,56880,1125
274,10/22/20,61805,56985,1127
275,10/23/20,61882,57190,1129
276,10/24/20,61930,57285,1129
277,10/25/20,61992,57465,1130
278,10/26/20,62111,57571,1132
279,10/27/20,62224,57916,1135
280,10/28/20,62371,58095,1139
281,10/29/20,62521,58249,1141
282,10/30/20,62691,58430,1144
283,10/31/20,62853,58675,1144
284,11/1/20,62964,58790,1146
285,11/2/20,63036,59328,1147
286,11/3/20,63173,59634,1151
287,11/4/20,63328,59675,1155
288,11/5/20,63508,59748,1155
289,11/6/20,63731,59844,1155
290,11/7/20,63790,59884,1155
291,11/8/20,64090,59910,1154
292,11/9/20,64184,60069,1158
293,11/10/20,64336,60333,1160
294,11/11/20,64516,60737,1162
295,11/12/20,64728,60790,1162
296,11/13/20,64884,60936,1163
297,11/14/20,64996,61029,1163
298,11/15/20,65148,61073,1163
299,11/16/20,65305,61162,1163
300,11/17/20,65457,61337,1163
301,11/18/20,65693,61457,1163
302,11/19/20,65839,61573,1165
303,11/20/20,65982,61782,1165
304,11/21/20,66228,61884,1166
305,11/22/20,66383,62076,1167
306,11/23/20,66439,62241,1168
307,11/24/20,66607,62311,1169
308,11/25/20,66805,62493,1169
309,11/26/20,66974,62585,1169
310,11/27/20,67220,62686,1171
311,11/28/20,67330,62819,1171
312,11/29/20,67412,63055,1173
313,11/30/20,67557,63282,1173
314,12/1/20,67838,63430,1176
315,12/2/20,67960,63839,1177
316,12/3/20,68303,64291,1179
317,12/4/20,68627,64467,1179
318,12/5/20,68937,64650,1180
319,12/6/20,69255,64774,1180
320,12/7/20,69645,64947,1181
321,12/8/20,70195,65110,1182
322,12/9/20,70669,65242,1184
323,12/10/20,71344,65474,1190
324,12/11/20,72140,65722,1190
325,12/12/20,72757,65850,1194
326,12/13/20,73175,66090,1197
327,12/14/20,73374,66314,1197
328,12/15/20,74132,66494,1200
329,12/16/20,75062,66775,1200
330,12/17/20,76207,67110,1201
331,12/18/20,77013,67484,1212
332,12/19/20,77933,67784,1218
333,12/20/20,78434,68303,1221
334,12/21/20,78790,68493,1227
335,12/22/20,79789,68879,1231
336,12/23/20,80922,69274,1236
337,12/24/20,81963,69651,1242
338,12/25/20,82747,70248,1246
339,12/26/20,83576,70495,1247
340,12/27/20,84414,71034,1254
341,12/28/20,84811,71357,1264
342,12/29/20,85560,71937,1267
343,12/30/20,86576,73322,1278
344,12/31/20,87607,73713,1289
345,1/1/21,88587,74373,1294
346,1/2/21,89163,74789,1302
347,1/3/21,90080,75044,1311
348,1/4/21,91351,75699,1318
349,1/5/21,92705,76396,1319
350,1/6/21,94369,77299,1324
351,1/7/21,95934,77982,1330
352,1/8/21,97478,78552,1342
353,1/9/21,99063,79417,1350
354,1/10/21,100087,80030,1358
355,1/11/21,101331,80491,1361
356,1/12/21,102601,81574,1373
357,1/13/21,103999,82555,1382
358,1/14/21,105478,83830,1405
359,1/15/21,107345,84535,1413
360,1/16/21,108943,85367,1420
361,1/17/21,110387,89317,1435
362,1/18/21,112004,89939,1449
363,1/19/21,113305,91200,1464
364,1/20/21,114691,92336,1478
365,1/21/21,116655,93646,1485
366,1/22/21,118138,94130,1490
367,1/23/21,120602,95901,1502
368,1/24/21,121566,97228,1504
369,1/25/21,122996,98359,1507
370,1/26/21,124299,99276,1522
371,1/27/21,126160,100365,1543
372,1/28/21,127024,100853,1547
373,1/29/21,128674,102780,1577
374,1/30/21,130557,103712,1578
375,1/31/21,131242,104989,1586
376,2/1/21,131918,106275,1607
377,2/2/21,133552,107551,1613
378,2/3/21,134690,108657,1618
379,2/4/21,136030,110449,1632
380,2/5/21,137654,111639,1641
381,2/6/21,139242,112557,1647
382,2/7/21,139748,113525,1667
383,2/8/21,140391,114635,1673
384,2/9/21,141447,115755,1694
385,2/10/21,142578,116947,1702
386,2/11/21,143516,118012,1710
387,2/12/21,144521,118866,1734
388,2/13/21,145664,120399,1747
389,2/14/21,146184,120838,1752
390,2/15/21,146928,123009,1761
391,2/16/21,148296,124483,1777
392,2/17/21,149369,125722,1787
393,2/18/21,150246,126417,1803
394,2/19/21,150908,127524,1813
395,2/20/21,151553,128005,1831
396,2/21/21,152074,128619,1839
397,2/22/21,152616,129300,1862
398,2/23/21,153187,129943,1874
399,2/24/21,153842,130818,1885
400,2/25/21,154476,131699,1891
401,2/26/21,155076,132544,1902
402,2/27/21,155417,133256,1905
403,2/28/21,155657,133768,1907
404,3/1/21,156017,133904,1915
405,3/2/21,156496,134551,1923
406,3/3/21,156960,135812,1939
407,3/4/21,157671,136335,1951
408,3/5/21,158042,137025,1954
409,3/6/21,158237,137645,1964
410,3/7/21,158506,137890,1969
411,3/8/21,158906,138502,1982
412,3/9/21,159252,139056,1988
413,3/10/21,159646,139983,1993
414,3/11/21,159933,142404,2001
415,3/12/21,160332,144059,2009
416,3/13/21,160537,144714,2013
417,3/14/21,160657,145399,2013
418,3/15/21,160895,145752,2016
419,3/16/21,161074,146072,2018
420,3/17/21,161261,146395,2027
421,3/18/21,161409,146890,2027
422,3/19/21,161539,147581,2027
423,3/20/21,161651,147775,2030
424,3/21/21,161737,147899,2030
425,3/22/21,161868,148125,2030
426,3/23/21,162076,148530,2031
427,3/24/21,162178,148726,2031
428,3/25/21,162275,149882,2036
429,3/26/21,162388,149986,2039
430,3/27/21,162489,150205,2041
431,3/28/21,162593,150308,2048
432,3/29/21,162641,150466,2049
433,3/30/21,162762,151532,2056
434,3/31/21,162891,151648,2057
435,4/1/21,162997,151708,2058
436,4/2/21,163063,151835,2058
437,4/3/21,163113,151853,2058
438,4/4/21,163195,151998,2058
439,4/5/21,163330,152045,2058
440,4/6/21,163388,153630,2058
441,4/7/21,163498,153788,2058
442,4/8/21,163581,154005,2058
443,4/9/21,163652,154073,2059
444,4/10/21,163736,154098,2060
445,4/11/21,163799,154107,2060
446,4/12/21,163837,154177,2061
447,4/13/21,163911,154225,2061
448,4/14/21,164000,154270,2061
449,4/15/21,164080,154285,2061
450,4/16/21,164147,154304,2061
451,4/17/21,164207,154325,2061
452,4/18/21,164233,154332,2061
453,4/19/21,164303,154384,2061
454,4/20/21,164423,154406,2061
455,4/21/21,164488,154441,2061
456,4/22/21,164588,154578,2061
457,4/23/21,164633,154643,2061
458,4/24/21,164684,154687,2061
459,4/25/21,164719,154926,2062
460,4/26/21,164756,154963,2062
461,4/27/21,164912,155012,2063
462,4/28/21,164993,155021,2063
463,4/29/21,165055,155041,2063
464,4/30/21,165110,155101,2063
465,5/1/21,165110,155101,2063
466,5/2/21,165153,155109,2063
467,5/3/21,165199,155371,2063
468,5/4/21,165215,155371,2063
469,5/5/21,165273,155403,2065
470,5/6/21,165301,155424,2065
471,5/7/21,165340,155454,2065
472,5/8/21,165370,156250,2065
473,5/9/21,165419,156297,2065
474,5/10/21,165468,156318,2065
475,5/11/21,165515,156358,2065
476,5/12/21,165559,156374,2066
477,5/13/21,165612,156387,2066
478,5/14/21,165661,156399,2066
479,5/15/21,165702,156412,2066
480,5/16/21,165709,156413,2066
481,5/17/21,165778,156415,2067
482,5/18/21,165778,156415,2067
483,5/19/21,165852,156456,2067
484,5/20/21,165901,156459,2067
485,5/21/21,165944,156462,2067
486,5/22/21,165979,156468,2067
487,5/23/21,166019,156476,2067
488,5/24/21,166061,156492,2067
489,5/25/21,166098,156528,2071
490,5/26/21,166146,156529,2071
491,5/27/21,166191,156535,2071
492,5/28/21,166254,156546,2071
493,5/29/21,166285,156557,2071
494,5/30/21,166315,156558,2071
495,5/31/21,166518,158781,2099
496,6/1/21,166534,159935,2099
497,6/2/21,166560,159946,2099
498,6/3/21,166682,162521,2117
499,6/4/21,166730,162584,2117
500,6/5/21,166756,162994,2117
501,6/6/21,166767,163096,2117
502,6/7/21,166816,163190,2117
503,6/8/21,166918,163259,2117
504,6/9/21,166982,163331,2117
505,6/10/21,166982,163331,2117
506,6/11/21,167051,163430,2117
507,6/12/21,167059,163436,2117
508,6/13/21,167066,163463,2117
509,6/14/21,167078,163469,2117
510,6/15/21,167095,163483,2117
511,6/16/21,167103,163528,2117
512,6/17/21,167142,163535,2117
513,6/18/21,167155,163540,2117
514,6/19/21,167206,163550,2117
515,6/20/21,167206,163557,2117
516,6/21/21,167292,163797,2118
517,6/22/21,167331,163913,2118
518,6/23/21,167375,163917,2118
519,6/24/21,167401,163933,2118
520,6/25/21,167430,163937,2119
521,6/26/21,167465,163946,2119
522,6/27/21,167467,163949,2119
523,6/28/21,167532,163984,2119
524,6/29/21,167543,163985,2120
525,6/30/21,167618,164244,2120
526,7/1/21,167692,164273,2121
527,7/2/21,167732,164369,2121
528,7/3/21,167803,164378,2121
529,7/4/21,167859,164382,2121
530,7/5/21,167909,164400,2122
531,7/6/21,168000,164405,2122
532,7/7/21,168110,164408,2122
533,7/8/21,168256,164415,2122
534,7/9/21,168442,164423,2122
535,7/10/21,168540,164431,2122
536,7/11/21,168552,164439,2124
537,7/12/21,168713,164476,2124
538,7/13/21,168867,164623,2125
539,7/14/21,168915,164652,2125
540,7/15/21,169074,164662,2126
541,7/16/21,169206,164666,2126
542,7/17/21,169329,164672,2126
543,7/18/21,169532,164699,2127
544,7/19/21,169678,164720,2128
545,7/20/21,169884,164733,2128
546,7/21/21,169884,164733,2128
547,7/22/21,170306,164772,2130
548,7/23/21,170306,164772,2130
549,7/24/21,170895,164788,2132
550,7/25/21,171111,164789,2132
551,7/26/21,171324,164798,2134
552,7/27/21,171728,164837,2134
553,7/28/21,172263,164886,2139
554,7/29/21,172821,164930,2141
555,7/30/21,173411,164978,2149
556,7/31/21,173908,164994,2149
557,8/1/21,174315,165005,2149
558,8/2/21,174759,165037,2160
559,8/3/21,175264,165122,2163
560,8/4/21,176011,165208,2167
561,8/5/21,176577,0,2178
562,8/6/21,177142,0,2181
563,8/7/21,177615,0,2185
564,8/8/21,178086,0,2187
565,8/9/21,178508,0,2192
566,8/10/21,179118,0,2194
567,8/11/21,179908,0,2195
568,8/12/21,180661,0,2200
569,8/13/21,181297,0,2211
570,8/14/21,181962,0,2219
571,8/15/21,182503,0,2219
572,8/16/21,183087,0,2223
573,8/17/21,183444,0,2229
574,8/18/21,183444,0,2229
575,8/19/21,185267,0,2244
576,8/20/21,185571,0,2247
577,8/21/21,185571,0,2247
578,8/22/21,187023,0,2268
579,8/23/21,187588,0,2276
580,8/24/21,188243,0,2281
581,8/25/21,188880,0,2288
582,8/26/21,189715,0,2298
583,8/27/21,190333,0,2308
584,8/28/21,190983,0,2361
585,8/29/21,191345,0,2454
586,8/30/21,191805,0,2455
587,8/31/21,192431,0,2469
588,9/1/21,193013,0,2480
589,9/2/21,193644,0,2488
590,9/3/21,194088,0,2495
591,9/4/21,195052,0,2522
592,9/5/21,195511,0,2552
593,9/6/21,195890,0,2556
594,9/7/21,196487,0,2573
595,9/8/21,197046,0,2578
596,9/9/21,197773,0,2585
597,9/10/21,198239,0,2588
598,9/11/21,198786,0,2590
599,9/12/21,199151,0,2598
600,9/13/21,199538,0,2619
601,9/14/21,200057,0,2637
602,9/15/21,200356,0,2640
603,9/16/21,200356,0,2640
604,9/17/21,201294,0,2649
605,9/18/21,201630,0,2654
606,9/19/21,201798,0,2655
607,9/20/21,202191,0,2661
608,9/21/21,202704,0,2664
609,9/22/21,203081,0,2666
610,9/23/21,203514,0,2668
611,9/24/21,203991,0,2671
612,9/25/21,204201,0,2673
613,9/26/21,204456,0,2677
614,9/27/21,204752,0,2690
615,9/28/21,205047,0,2695
616,9/29/21,205484,0,2701
617,9/30/21,205779,0,2721
618,10/1/21,205940,0,2724
619,10/2/21,206064,0,2724
620,10/3/21,206138,0,2724
621,10/4/21,206279,0,2724
622,10/5/21,206561,0,2731
623,10/6/21,206561,0,2731
624,10/7/21,207167,0,2742
625,10/8/21,207479,0,2743
626,10/9/21,207618,0,2745
627,10/10/21,207694,0,2747
628,10/11/21,207978,0,2756
629,10/12/21,207979,0,2756
630,10/13/21,208404,0,2761
631,10/14/21,208404,0,2761
632,10/15/21,208797,0,2769
633,10/16/21,209173,0,2804
634,10/17/21,209298,0,2837
635,10/18/21,209387,0,2838
636,10/19/21,209546,0,2838
637,10/20/21,209713,0,2840
638,10/21/21,209960,0,2850
639,10/22/21,210136,0,2855
640,10/23/21,210295,0,2856
641,10/24/21,210460,0,2882
642,10/25/21,211171,0,2884
643,10/26/21,211330,0,2884
644,10/27/21,211496,0,2886
645,10/28/21,211678,0,2892
646,10/29/21,211798,0,2895
647,10/30/21,211887,0,2895
648,10/31/21,211961,0,2896
649,11/1/21,212051,0,2898
650,11/2/21,212150,0,2899
651,11/3/21,212359,0,2900
652,11/4/21,212446,0,2902
653,11/5/21,212511,0,2902
654,11/6/21,212627,0,2905
655,11/7/21,212713,0,2906
656,11/8/21,212765,0,2906
657,11/9/21,212829,0,2914
658,11/10/21,212894,0,2922
659,11/11/21,212947,0,2933
660,11/12/21,213076,0,2949
661,11/13/21,213127,0,2960
662,11/14/21,213147,0,2968
663,11/15/21,213177,0,2968
664,11/16/21,213177,0,2968
665,11/17/21,213403,0,2973
666,11/18/21,213464,0,2973
667,11/19/21,213487,0,2973
668,11/20/21,213532,0,2973
669,11/21/21,213589,0,2974
670,11/22/21,213589,0,2974
671,11/23/21,213677,0,2974
672,11/24/21,213677,0,2974
673,11/25/21,213883,0,2975
674,11/26/21,213883,0,2975
675,11/27/21,213924,0,2975
676,11/28/21,213982,0,2975
677,11/29/21,214113,0,2976
678,11/30/21,214218,0,2977
679,12/1/21,214270,0,2978
680,12/2/21,214270,0,2978
681,12/3/21,214513,0,2980
682,12/4/21,214567,0,2980
683,12/5/21,214622,0,2980
684,12/6/21,214789,0,2980
685,12/7/21,214896,0,2980
686,12/8/21,215164,0,2980
687,12/9/21,215164,0,2980
688,12/10/21,216451,0,2981
689,12/11/21,217063,0,2981
690,12/12/21,217481,0,2981
691,12/13/21,217481,0,2981
692,12/14/21,218596,0,2983
693,12/15/21,220020,0,2983
694,12/16/21,221071,0,2983
695,12/17/21,222655,0,2984
696,12/18/21,222655,0,2984
697,12/19/21,223483,0,2984
698,12/20/21,225255,0,2985
699,12/21/21,225255,0,2985
700,12/22/21,231413,0,2991
701,12/23/21,233353,0,2991
702,12/24/21,234709,0,2993
703,12/25/21,236014,0,3014
704,12/26/21,237561,0,3022
705,12/27/21,238420,0,3024
706,12/28/21,239019,0,3027
707,12/29/21,240387,0,3030
708,12/30/21,241513,0,3030
709,12/31/21,241513,0,3030
710,1/1/22,242877,0,3033
711,1/2/22,242877,0,3033
712,1/3/22,244120,0,3045
713,1/4/22,244548,0,3053
714,1/5/22,245404,0,3058
715,1/6/22,246195,0,3066
716,1/7/22,247009,0,3070
717,1/8/22,247775,0,3071
718,1/9/22,248312,0,3077
719,1/10/22,248732,0,3085
720,1/11/22,249154,0,3086
721,1/12/22,249586,0,3092
722,1/13/22,250009,0,3092
723,1/14/22,250009,0,3092
724,1/15/22,250628,0,3095
725,1/16/22,250929,0,3103
726,1/17/22,251178,0,3110
727,1/18/22,251341,0,3116
728,1/19/22,251571,0,3117
729,1/20/22,251571,0,3117
730,1/21/22,251930,0,3124
731,1/22/22,251959,0,3124
732,1/23/22,252187,0,3124
733,1/24/22,252428,0,3126
734,1/25/22,252678,0,3133
735,1/26/22,252753,0,3134
736,1/27/22,252753,0,3134
737,1/28/22,252912,0,3134
738,1/29/22,253001,0,3135
739,1/30/22,253023,0,3135
740,1/31/22,253181,0,3136
741,2/1/22,253340,0,3136
742,2/2/22,253405,0,3136
743,2/3/22,253405,0,3136
744,2/4/22,253540,0,3136
745,2/5/22,253685,0,3139
746,2/6/22,253727,0,3139
747,2/7/22,253780,0,3139
748,2/8/22,253838,0,3139
749,2/9/22,253875,0,3139
750,2/10/22,253875,0,3139
751,2/11/22,253923,0,3139
752,2/12/22,253978,0,3141
753,2/13/22,254016,0,3141
754,2/14/22,254016,0,3141
755,2/15/22,254124,0,3141
756,2/16/22,254137,0,3141
757,2/17/22,254137,0,3141
758,2/18/22,254221,0,3142
759,2/19/22,254243,0,3142
760,2/20/22,254243,0,3142
761,2/21/22,254293,0,3142
762,2/22/22,254352,0,3142
763,2/23/22,254352,0,3142
764,2/24/22,254428,0,3142
765,2/25/22,254428,0,3142
766,2/26/22,254501,0,3142
767,2/27/22,254525,0,3142
768,2/28/22,254560,0,3142
769,3/1/22,254570,0,3142
770,3/2/22,254598,0,3142
771,3/3/22,254606,0,3142
772,3/4/22,254637,0,3142
773,3/5/22,254637,0,3142
774,3/6/22,254640,0,3142
775,3/7/22,254659,0,3142
776,3/8/22,254777,0,3142
777,3/9/22,254777,0,3142
778,3/10/22,254861,0,3142
779,3/11/22,254894,0,3142
780,3/12/22,254953,0,3142
781,3/13/22,254953,0,3142
782,3/14/22,254989,0,3142
783,3/15/22,255001,0,3142
784,3/16/22,255001,0,3142
785,3/17/22,255092,0,3142
786,3/18/22,255103,0,3142
787,3/19/22,255103,0,3142
788,3/20/22,255103,0,3142
789,3/21/22,255103,0,3142
790,3/22/22,255190,0,3142
791,3/23/22,255244,0,3142
792,3/24/22,255244,0,3142
793,3/25/22,255244,0,3142
794,3/26/22,255296,0,3142
795,3/27/22,255296,0,3142
796,3/28/22,255341,0,3142
797,3/29/22,255341,0,3142
798,3/30/22,255415,0,3142
799,3/31/22,255415,0,3142
800,4/1/22,255468,0,3142
801,4/2/22,255468,0,3142
802,4/3/22,255468,0,3142
803,4/4/22,255468,0,3142
804,4/5/22,255516,0,3142
805,4/6/22,255516,0,3142
806,4/7/22,255575,0,3142
807,4/8/22,255575,0,3142
808,4/9/22,255606,0,3142
809,4/10/22,255606,0,3142
810,4/11/22,255633,0,3142
811,4/12/22,255663,0,3142
812,4/13/22,255633,0,3142
813,4/14/22,255646,0,3143
814,4/15/22,255646,0,3143
815,4/16/22,255648,0,3143
816,4/17/22,255648,0,3143
817,4/18/22,255648,0,3143
818,4/19/22,255670,0,3143
819,4/20/22,255670,0,3143
820,4/21/22,255679,0,3143
821,4/22/22,255685,0,3143
822,4/23/22,255685,0,3143
823,4/24/22,255685,0,3143
824,4/25/22,255685,0,3143
825,4/26/22,255685,0,3143
826,4/27/22,255685,0,3143
827,4/28/22,255716,0,3143
828,4/29/22,255716,0,3143
829,4/30/22,255716,0,3143
830,5/1/22,255753,0,3143
831,5/2/22,255753,0,3143
832,5/3/22,255766,0,3143
833,5/4/22,255766,0,3143
834,5/5/22,255766,0,3143
835,5/6/22,255766,0,3143
836,5/7/22,255766,0,3143
837,5/8/22,255766,0,3143
838,5/9/22,255766,0,3143
839,5/10/22,255802,0,3143
840,5/11/22,255802,0,3143
841,5/12/22,255836,0,3143
842,5/13/22,255836,0,3143
843,5/14/22,255859,0,3143
844,5/15/22,255859,0,3143
845,5/16/22,255859,0,3143
846,5/17/22,255859,0,3143
847,5/18/22,255889,0,3143
848,5/19/22,255924,0,3143
849,5/20/22,255924,0,3143
850,5/21/22,255937,0,3143
851,5/22/22,255937,0,3143
852,5/23/22,255937,0,3143
853,5/24/22,255972,0,3143
854,5/25/22,255972,0,3143
855,5/26/22,256004,0,3143
856,5/27/22,256028,0,3143
857,5/28/22,256028,0,3143
858,5/29/22,256028,0,3143
859,5/30/22,256028,0,3143
860,5/31/22,256028,0,3143
861,6/1/22,256028,0,3143
862,6/2/22,256113,0,3143
863,6/3/22,256113,0,3143
864,6/4/22,256148,0,3143
865,6/5/22,256148,0,3143
866,6/6/22,256148,0,3148
867,6/7/22,256227,0,3148
868,6/8/22,256227,0,3148
869,6/9/22,256264,0,3148
870,6/10/22,256264,0,3144
871,6/11/22,256352,0,3144
872,6/12/22,256352,0,3144
873,6/13/22,256352,0,3144
874,6/14/22,256404,0,3144
875,6/15/22,256404,0,3144
876,6/16/22,256467,0,3144
877,6/17/22,256467,0,3144
878,6/18/22,256573,0,3144
879,6/19/22,256573,0,3144
880,6/20/22,256573,0,3144
881,6/21/22,256711,0,3144
882,6/22/22,256711,0,3144
883,6/23/22,256711,0,3144
884,6/24/22,256711,0,3144
885,6/25/22,256958,0,3144
886,6/26/22,256958,0,3144
887,6/27/22,256958,0,3144
888,6/28/22,256958,0,3144
889,6/29/22,256958,0,3144
890,6/30/22,257290,0,3144
891,7/1/22,257290,0,3144
892,7/2/22,257637,0,3144
893,7/3/22,257637,0,3144
894,7/4/22,257637,0,3144
895,7/5/22,257637,0,3144
896,7/6/22,257637,0,3144
897,7/7/22,257637,0,3144
898,7/8/22,257637,0,3144
899,7/9/22,258517,0,3144
900,7/10/22,258517,0,3144
901,7/11/22,258517,0,3144
902,7/12/22,258874,0,3144
903,7/13/22,258874,0,3144
904,7/14/22,258934,0,3144
905,7/15/22,258934,0,3144
906,7/16/22,259007,0,3144
907,7/17/22,259007,0,3144
908,7/18/22,259007,0,3144
909,7/19/22,259485,0,3146
910,7/20/22,259485,0,3146
911,7/21/22,259720,0,3146
912,7/22/22,259720,0,3146
913,7/23/22,260339,0,3147
914,7/24/22,260339,0,3147
915,7/25/22,260339,0,3147
916,7/26/22,260764,0,3147
917,7/27/22,260764,0,3147
918,7/28/22,260977,0,3147
919,7/29/22,260977,0,3147
920,7/30/22,260977,0,3147
921,7/31/22,260977,0,3147
922,8/1/22,260977,0,3147
923,8/2/22,261473,0,3147
924,8/3/22,261473,0,3147
925,8/4/22,261473,0,3147
926,8/5/22,261473,0,3147
927,8/6/22,261473,0,3147
928,8/7/22,261885,0,3147
929,8/8/22,261885,0,3147
930,8/9/22,261885,0,3147
931,8/10/22,261885,0,3147
932,8/11/22,262402,0,3147
933,8/12/22,262402,0,3147
934,8/13/22,262520,0,3147
935,8/14/22,262520,0,3147
936,8/15/22,262520,0,3147
937,8/16/22,262664,0,3147
938,8/17/22,262664,0,3147
939,8/18/22,262748,0,3147
940,8/19/22,262748,0,3147
941,8/20/22,262912,0,3147
942,8/21/22,262912,0,3147
943,8/22/22,262912,0,3147
944,8/23/22,263090,0,3148
945,8/24/22,263090,0,3148
946,8/25/22,263322,0,3148
947,8/26/22,263322,0,3148
948,8/27/22,263407,0,3148
949,8/28/22,263407,0,3148
950,8/29/22,263407,0,3148
951,8/30/22,263526,0,3148
952,8/31/22,263526,0,3148
953,9/1/22,263694,0,3148
954,9/2/22,263694,0,3148
955,9/3/22,263867,0,3148
956,9/4/22,263867,0,3148
957,9/5/22,263867,0,3148
958,9/6/22,264014,0,3148
959,9/7/22,264014,0,3148
960,9/8/22,264299,0,3154
961,9/9/22,264299,0,3154
962,9/10/22,264299,0,3154
963,9/11/22,264450,0,3154
964,9/12/22,264450,0,3154
965,9/13/22,264617,0,3155
966,9/14/22,264617,0,3155
967,9/15/22,264744,0,3155
968,9/16/22,264744,0,3155
969,9/17/22,264933,0,3155
970,9/18/22,264933,0,3155
971,9/19/22,264933,0,3155
972,9/20/22,265008,0,3155
973,9/21/22,265008,0,3155
974,9/22/22,265090,0,3155
975,9/23/22,265090,0,3155
976,9/24/22,265186,0,3155
977,9/25/22,265186,0,3155
978,9/26/22,265186,0,3155
979,9/27/22,265316,0,3155
980,9/28/22,265316,0,3155
981,9/29/22,265382,0,3155
982,9/30/22,265382,0,3155
983,10/1/22,265431,0,3155
984,10/2/22,265431,0,3155
985,10/3/22,265431,0,3155
986,10/4/22,265505,0,3155
987,10/5/22,265505,0,3155
988,10/6/22,265741,0,3155
989,10/7/22,265741,0,3155
990,10/8/22,265816,0,3155
991,10/9/22,265816,0,3155
992,10/10/22,265816,0,3155
993,10/11/22,265816,0,3155
994,10/12/22,265816,0,3155
995,10/13/22,265816,0,3155
996,10/14/22,265816,0,3155
997,10/15/22,265937,0,3155
998,10/16/22,265937,0,3155
999,10/17/22,265937,0,3155
1000,10/18/22,265937,0,3155
1001,10/19/22,265937,0,3155
1002,10/20/22,265937,0,3155
1003,10/21/22,265937,0,3155
1004,10/22/22,266043,0,3155
1005,10/23/22,266043,0,3155
1006,10/24/22,266043,0,3155
1007,10/25/22,266043,0,3155
1008,10/26/22,266043,0,3155
1009,10/27/22,266043,0,3155
1010,10/28/22,266043,0,3155
1011,10/29/22,266138,0,3155
1012,10/30/22,266138,0,3155
1013,10/31/22,266138,0,3155
1014,11/1/22,266138,0,3155
1015,11/2/22,266138,0,3155
1016,11/3/22,266138,0,3155
1017,11/4/22,266138,0,3155
1018,11/5/22,266192,0,3155
1019,11/6/22,266192,0,3155
1020,11/7/22,266192,0,3155
1021,11/8/22,266192,0,3155
1022,11/9/22,266192,0,3155
1023,11/10/22,266192,0,3155
1024,11/11/22,266192,0,3155
1025,11/12/22,266242,0,3155
1026,11/13/22,266242,0,3155
1027,11/14/22,266242,0,3155
1028,11/15/22,266242,0,3155
1029,11/16/22,266242,0,3155
1030,11/17/22,266242,0,3155
1031,11/18/22,266242,0,3155
1032,11/19/22,266283,0,3155
1033,11/20/22,266283,0,3155
1034,11/21/22,266283,0,3155
1035,11/22/22,266283,0,3155
1036,11/23/22,266283,0,3155
1037,11/24/22,266283,0,3155
1038,11/25/22,266283,0,3155
1039,11/26/22,266283,0,3155
1040,11/27/22,266283,0,3155
1041,11/28/22,266283,0,3155
1042,11/29/22,266283,0,3155
1043,11/30/22,266283,0,3155
1044,12/1/22,266283,0,3155
1045,12/2/22,266283,0,3155
1046,12/3/22,266283,0,3155
1047,12/4/22,266283,0,3155
1048,12/5/22,266283,0,3155
1049,12/6/22,266283,0,3155
1050,12/7/22,266283,0,3155
1051,12/8/22,266283,0,3155
1052,12/9/22,266283,0,3155
1053,12/10/22,266283,0,3155
1054,12/11/22,266283,0,3155
1055,12/12/22,266381,0,3155
1056,12/13/22,266381,0,3155
1057,12/14/22,266381,0,3155
1058,12/15/22,266381,0,3155
1059,12/16/22,266381,0,3155
1060,12/17/22,266381,0,3155
1061,12/18/22,266381,0,3155
1062,12/19/22,266381,0,3155
1063,12/20/22,266381,0,3155
1064,12/21/22,266381,0,3155
1065,12/22/22,266381,0,3155
1066,12/23/22,266381,0,3155
1067,12/24/22,266381,0,3155
1068,12/25/22,266381,0,3155
1069,12/26/22,266381,0,3155
1070,12/27/22,266381,0,3155
1071,12/28/22,266381,0,3155
1072,12/29/22,266381,0,3155
1073,12/30/22,266381,0,3155
1074,12/31/22,266381,0,3155
1075,1/1/23,266381,0,3155
1076,1/2/23,266450,0,3155
1077,1/3/23,266450,0,3155
1078,1/4/23,266450,0,3155
1079,1/5/23,266450,0,3155
1080,1/6/23,266450,0,3155
1081,1/7/23,266463,0,3155
1082,1/8/23,266463,0,3155
1083,1/9/23,266463,0,3155
1084,1/10/23,266463,0,3155
1085,1/11/23,266463,0,3155
1086,1/12/23,266463,0,3155
1087,1/13/23,266463,0,3155
1088,1/14/23,266463,0,3155
1089,1/15/23,266463,0,3155
1090,1/16/23,266463,0,3155
1091,1/17/23,266463,0,3155
1092,1/18/23,266463,0,3155
1093,1/19/23,266463,0,3155
1094,1/20/23,266463,0,3155
1095,1/21/23,266463,0,3155
1096,1/22/23,266463,0,3155
1097,1/23/23,266463,0,3155
1098,1/24/23,266463,0,3155
1099,1/25/23,266463,0,3155
1100,1/26/23,266463,0,3155
1101,1/27/23,266463,0,3155
1102,1/28/23,266463,0,3155
1103,1/29/23,266463,0,3155
1104,1/30/23,266463,0,3155
1105,1/31/23,266463,0,3155
1106,2/1/23,266463,0,3155
1107,2/2/23,266463,0,3155
1108,2/3/23,266463,0,3155
1109,2/4/23,266463,0,3155
1110,2/5/23,266463,0,3155
1111,2/6/23,266463,0,3155
1112,2/7/23,266463,0,3155
1113,2/8/23,266463,0,3155
1114,2/9/23,266463,0,3155
1115,2/10/23,266463,0,3155
1116,2/11/23,266463,0,3155
1117,2/12/23,266463,0,3155
1118,2/13/23,266463,0,3155
1119,2/14/23,266463,0,3155
1120,2/15/23,266463,0,3155
1121,2/16/23,266463,0,3155
1122,2/17/23,266463,0,3155
1123,2/18/23,266463,0,3155
1124,2/19/23,266463,0,3155
1125,2/20/23,266463,0,3155
1126,2/21/23,266463,0,3155
1127,2/22/23,266463,0,3155
1128,2/23/23,266463,0,3155
1129,2/24/23,266463,0,3155
1130,2/25/23,266463,0,3155
1131,2/26/23,266463,0,3155
1132,2/27/23,266593,0,3155
1133,2/28/23,266593,0,3155
1134,3/1/23,266598,0,3155
1135,3/2/23,266598,0,3155
1136,3/3/23,266598,0,3155
1137,3/4/23,266598,0,3155
1138,3/5/23,266598,0,3155
1139,3/6/23,266598,0,3155
1140,3/7/23,266598,0,3155
1141,3/8/23,266598,0,3155
1142,3/9/23,266598,0,3155
